104868390,https://image.mustit.co.kr/lib/upload/product/onthepick708/2025/03/5590a868972d442e0634d90c0a76a274.jpeg,106752975,106752975,https://image.mustit.co.kr/lib/upload/product/onthepick708/2025/03/5590a868972d442e0634d90c0a76a274.jpeg
104868390,https://image.mustit.co.kr/lib/upload/product/onthepick708/2025/03/5590a868972d442e0634d90c0a76a274.jpeg,106752975,106752995,https://image.mustit.co.kr/lib/upload/product/onthepick708/2025/03/f91238cc78993785b8ca86daddb2c123.jpeg
104868390,https://image.mustit.co.kr/lib/upload/product/onthepick708/2025/03/5590a868972d442e0634d90c0a76a274.jpeg,106752975,106752998,https://image.mustit.co.kr/lib/upload/product/gusdnsmla/2025/03/ae25dbcf19e8b093d4ca6c897dc9cadb.jpeg
104868387,https://image.mustit.co.kr/lib/upload/product/gusdnsmla/2025/03/e0de7afa1a15ec45a41220886d6dc8ce.jpeg,106752983,106752983,https://image.mustit.co.kr/lib/upload/product/gusdnsmla/2025/03/e0de7afa1a15ec45a41220886d6dc8ce.jpeg
104872803,https://image.mustit.co.kr/lib/upload/product/sdvivaldi/2025/03/f285f745e04036ec2a7d7291d3fe6673.jpeg,106763778,106763778,https://image.mustit.co.kr/lib/upload/product/sdvivaldi/2025/03/f285f745e04036ec2a7d7291d3fe6673.jpeg
104872803,https://image.mustit.co.kr/lib/upload/product/wooseokn/2025/03/712502a6caa1a7ce476445eae0cc76ce.jpeg,106763781,106763781,https://image.mustit.co.kr/lib/upload/product/wooseokn/2025/03/712502a6caa1a7ce476445eae0cc76ce.jpeg
104872803,https://image.mustit.co.kr/lib/upload/product/gusdnsmla/2025/03/c4282c33f3c1ff1337ce04c869a98767.jpeg,106763780,106763780,https://image.mustit.co.kr/lib/upload/product/gusdnsmla/2025/03/c4282c33f3c1ff1337ce04c869a98767.jpeg
104872803,https://image.mustit.co.kr/lib/upload/product/gusdnsmla/2025/03/178bfaef9e00a6672d2c9ac83e4f0794.jpeg,106763777,106763777,https://image.mustit.co.kr/lib/upload/product/gusdnsmla/2025/03/178bfaef9e00a6672d2c9ac83e4f0794.jpeg
104872803,https://image.mustit.co.kr/lib/upload/product/gusdnsmla/2025/03/10b6bbeef5132f03102846bd03767353.jpeg,106763776,106763776,https://image.mustit.co.kr/lib/upload/product/gusdnsmla/2025/03/10b6bbeef5132f03102846bd03767353.jpeg
104872803,https://image.mustit.co.kr/lib/upload/product/gusdnsmla/2025/03/e562dd9709ba46b038dd69963cba8105.jpeg,106763774,106763774,https://image.mustit.co.kr/lib/upload/product/gusdnsmla/2025/03/e562dd9709ba46b038dd69963cba8105.jpeg
104872803,https://image.mustit.co.kr/lib/upload/product/sdvivaldi/2025/03/fae4a58bb018f3118d9087a5a4f8d71b.jpeg,106763768,106763768,https://image.mustit.co.kr/lib/upload/product/sdvivaldi/2025/03/fae4a58bb018f3118d9087a5a4f8d71b.jpeg
104872803,https://image.mustit.co.kr/lib/upload/product/sdvivaldi/2025/03/157c01a25287355d3e7414dd78318f0b.jpeg,106763771,106763771,https://image.mustit.co.kr/lib/upload/product/sdvivaldi/2025/03/157c01a25287355d3e7414dd78318f0b.jpeg
104872803,https://image.mustit.co.kr/lib/upload/product/sdvivaldi/2025/03/da2a1271984ca55392d787d82f828d31.jpeg,106763770,106763770,https://image.mustit.co.kr/lib/upload/product/sdvivaldi/2025/03/da2a1271984ca55392d787d82f828d31.jpeg
104872803,https://image.mustit.co.kr/lib/upload/product/gusdnsmla/2025/03/320ae0ed6f5ea1d3c32dad6a8e42da9f.jpeg,106763769,106763769,https://image.mustit.co.kr/lib/upload/product/gusdnsmla/2025/03/320ae0ed6f5ea1d3c32dad6a8e42da9f.jpeg
104872803,https://image.mustit.co.kr/lib/upload/product/sdvivaldi/2025/03/e9d215e652c5bc9576b0f2536512117c.jpeg,106763762,106763762,https://image.mustit.co.kr/lib/upload/product/sdvivaldi/2025/03/e9d215e652c5bc9576b0f2536512117c.jpeg
104872803,https://image.mustit.co.kr/lib/upload/product/sdvivaldi/2025/03/4213bd5c376ae7a812e7e9445c3e229b.jpeg,106763763,106763763,https://image.mustit.co.kr/lib/upload/product/sdvivaldi/2025/03/4213bd5c376ae7a812e7e9445c3e229b.jpeg
104872803,https://image.mustit.co.kr/lib/upload/product/sdvivaldi/2025/03/617b9b68b1a7b628018a16481617ca43.jpeg,106763766,106763766,https://image.mustit.co.kr/lib/upload/product/sdvivaldi/2025/03/617b9b68b1a7b628018a16481617ca43.jpeg
104872803,https://image.mustit.co.kr/lib/upload/product/wooseokn/2025/03/d070a0f7adaf324ba4b0011114ce4605.jpeg,106763767,106763767,https://image.mustit.co.kr/lib/upload/product/wooseokn/2025/03/d070a0f7adaf324ba4b0011114ce4605.jpeg
104872788,https://image.mustit.co.kr/lib/upload/product/gusdnsmla/2025/03/bed5e299cfb3885c21fd4ee54ddea1f2.jpeg,106763764,106763764,https://image.mustit.co.kr/lib/upload/product/gusdnsmla/2025/03/bed5e299cfb3885c21fd4ee54ddea1f2.jpeg
104872799,https://image.mustit.co.kr/lib/upload/product/gusdnsmla/2025/03/10b6bbeef5132f03102846bd03767353.jpeg,106763776,106763776,https://image.mustit.co.kr/lib/upload/product/gusdnsmla/2025/03/10b6bbeef5132f03102846bd03767353.jpeg
104872799,https://image.mustit.co.kr/lib/upload/product/gusdnsmla/2025/03/e562dd9709ba46b038dd69963cba8105.jpeg,106763774,106763774,https://image.mustit.co.kr/lib/upload/product/gusdnsmla/2025/03/e562dd9709ba46b038dd69963cba8105.jpeg
104872799,https://image.mustit.co.kr/lib/upload/product/sdvivaldi/2025/03/fae4a58bb018f3118d9087a5a4f8d71b.jpeg,106763768,106763768,https://image.mustit.co.kr/lib/upload/product/sdvivaldi/2025/03/fae4a58bb018f3118d9087a5a4f8d71b.jpeg
104872799,https://image.mustit.co.kr/lib/upload/product/sdvivaldi/2025/03/157c01a25287355d3e7414dd78318f0b.jpeg,106763771,106763771,https://image.mustit.co.kr/lib/upload/product/sdvivaldi/2025/03/157c01a25287355d3e7414dd78318f0b.jpeg
104872799,https://image.mustit.co.kr/lib/upload/product/sdvivaldi/2025/03/da2a1271984ca55392d787d82f828d31.jpeg,106763770,106763770,https://image.mustit.co.kr/lib/upload/product/sdvivaldi/2025/03/da2a1271984ca55392d787d82f828d31.jpeg
104872799,https://image.mustit.co.kr/lib/upload/product/gusdnsmla/2025/03/320ae0ed6f5ea1d3c32dad6a8e42da9f.jpeg,106763769,106763769,https://image.mustit.co.kr/lib/upload/product/gusdnsmla/2025/03/320ae0ed6f5ea1d3c32dad6a8e42da9f.jpeg
104872799,https://image.mustit.co.kr/lib/upload/product/sdvivaldi/2025/03/e9d215e652c5bc9576b0f2536512117c.jpeg,106763762,106763762,https://image.mustit.co.kr/lib/upload/product/sdvivaldi/2025/03/e9d215e652c5bc9576b0f2536512117c.jpeg
104872799,https://image.mustit.co.kr/lib/upload/product/sdvivaldi/2025/03/4213bd5c376ae7a812e7e9445c3e229b.jpeg,106763763,106763763,https://image.mustit.co.kr/lib/upload/product/sdvivaldi/2025/03/4213bd5c376ae7a812e7e9445c3e229b.jpeg
104872790,https://image.mustit.co.kr/lib/upload/product/sdvivaldi/2025/03/617b9b68b1a7b628018a16481617ca43.jpeg,106763766,106763766,https://image.mustit.co.kr/lib/upload/product/sdvivaldi/2025/03/617b9b68b1a7b628018a16481617ca43.jpeg
104872790,https://image.mustit.co.kr/lib/upload/product/wooseokn/2025/03/d070a0f7adaf324ba4b0011114ce4605.jpeg,106763767,106763767,https://image.mustit.co.kr/lib/upload/product/wooseokn/2025/03/d070a0f7adaf324ba4b0011114ce4605.jpeg
104872790,https://image.mustit.co.kr/lib/upload/product/gusdnsmla/2025/03/bed5e299cfb3885c21fd4ee54ddea1f2.jpeg,106763764,106763764,https://image.mustit.co.kr/lib/upload/product/gusdnsmla/2025/03/bed5e299cfb3885c21fd4ee54ddea1f2.jpeg
104872787,https://image.mustit.co.kr/lib/upload/product/sdvivaldi/2025/03/a7a069604742e2b14ad1e728cf989f80.jpeg,106763760,106763760,https://image.mustit.co.kr/lib/upload/product/sdvivaldi/2025/03/a7a069604742e2b14ad1e728cf989f80.jpeg
104872787,https://image.mustit.co.kr/lib/upload/product/gusdnsmla/2025/03/185b2ff741dda1f42e2a175a35096697.jpeg,106763761,106763761,https://image.mustit.co.kr/lib/upload/product/gusdnsmla/2025/03/185b2ff741dda1f42e2a175a35096697.jpeg
104872787,https://image.mustit.co.kr/lib/upload/product/gusdnsmla/2025/03/557b15665d6b45ca874c9af25228c7ea.jpeg,106763759,106763759,https://image.mustit.co.kr/lib/upload/product/gusdnsmla/2025/03/557b15665d6b45ca874c9af25228c7ea.jpeg
104872787,https://image.mustit.co.kr/lib/upload/product/gusdnsmla/2025/03/71bb7b3d4d561745657bdbbaf7ec6bd3.jpeg,106763754,106763754,https://image.mustit.co.kr/lib/upload/product/gusdnsmla/2025/03/71bb7b3d4d561745657bdbbaf7ec6bd3.jpeg
104872783,https://image.mustit.co.kr/lib/upload/product/gusdnsmla/2025/03/2f5c20f916d2cb6e79ad9487b10350bf.jpeg,106763752,106763752,https://image.mustit.co.kr/lib/upload/product/gusdnsmla/2025/03/2f5c20f916d2cb6e79ad9487b10350bf.jpeg
104872783,https://image.mustit.co.kr/lib/upload/product/gusdnsmla/2025/03/9508c9afdbcc7358e6adfe5319b7012e.jpeg,106763750,106763750,https://image.mustit.co.kr/lib/upload/product/gusdnsmla/2025/03/9508c9afdbcc7358e6adfe5319b7012e.jpeg
104872783,https://image.mustit.co.kr/lib/upload/product/sdvivaldi/2025/03/3979283d82db22c857d322c49446b4d1.jpeg,106763748,106763748,https://image.mustit.co.kr/lib/upload/product/sdvivaldi/2025/03/3979283d82db22c857d322c49446b4d1.jpeg
104872783,https://image.mustit.co.kr/lib/upload/product/gusdnsmla/2025/03/6eb3040002f5e84b84a4be6205e62910.jpeg,106763746,106763746,https://image.mustit.co.kr/lib/upload/product/gusdnsmla/2025/03/6eb3040002f5e84b84a4be6205e62910.jpeg
104872783,https://image.mustit.co.kr/lib/upload/product/gusdnsmla/2025/03/a43ae6d97ef330e9254c6dec4c8e3f04.jpeg,106763745,106763745,https://image.mustit.co.kr/lib/upload/product/gusdnsmla/2025/03/a43ae6d97ef330e9254c6dec4c8e3f04.jpeg
104872778,https://image.mustit.co.kr/lib/upload/product/gusdnsmla/2025/03/cd82acc40879f350178ced7289fa8e2e.jpeg,106763744,106763744,https://image.mustit.co.kr/lib/upload/product/gusdnsmla/2025/03/cd82acc40879f350178ced7289fa8e2e.jpeg
104872778,https://image.mustit.co.kr/lib/upload/product/timmaniax/2025/03/95e78873bcb94a77ba5a6effde7c1ae9.jpeg,106763742,106763742,https://image.mustit.co.kr/lib/upload/product/timmaniax/2025/03/95e78873bcb94a77ba5a6effde7c1ae9.jpeg
104872778,https://image.mustit.co.kr/lib/upload/product/gusdnsmla/2025/03/1f941c5da7af59d186e4d872f81408cb.jpeg,106763741,106763741,https://image.mustit.co.kr/lib/upload/product/gusdnsmla/2025/03/1f941c5da7af59d186e4d872f81408cb.jpeg
104872778,https://image.mustit.co.kr/lib/upload/product/sdvivaldi/2025/03/f35f9122c9afc39e71fe10de92516a2d.jpeg,106763736,106763736,https://image.mustit.co.kr/lib/upload/product/sdvivaldi/2025/03/f35f9122c9afc39e71fe10de92516a2d.jpeg
104872778,https://image.mustit.co.kr/lib/upload/product/sdvivaldi/2025/03/b70f0dd806dfe6f0f85e510ff349e892.jpeg,106763740,106763740,https://image.mustit.co.kr/lib/upload/product/sdvivaldi/2025/03/b70f0dd806dfe6f0f85e510ff349e892.jpeg
104872773,https://image.mustit.co.kr/lib/upload/product/gusdnsmla/2025/03/d4d2883480658fd4b8a70f281e35d2ae.jpeg,106763739,106763739,https://image.mustit.co.kr/lib/upload/product/gusdnsmla/2025/03/d4d2883480658fd4b8a70f281e35d2ae.jpeg
104872773,https://image.mustit.co.kr/lib/upload/product/wooseokn/2025/03/3f34ebd78d1ea06a99060bcb102a881d.jpeg,106763737,106763737,https://image.mustit.co.kr/lib/upload/product/wooseokn/2025/03/3f34ebd78d1ea06a99060bcb102a881d.jpeg
104872773,https://image.mustit.co.kr/lib/upload/product/wooseokn/2025/03/ac4c85a97d781ef3796bc6325a87831e.jpeg,106763735,106763735,https://image.mustit.co.kr/lib/upload/product/wooseokn/2025/03/ac4c85a97d781ef3796bc6325a87831e.jpeg
104872773,https://image.mustit.co.kr/lib/upload/product/gusdnsmla/2025/03/a057078f3a0eab7aca079e5d64bf4575.jpeg,106763734,106763734,https://image.mustit.co.kr/lib/upload/product/gusdnsmla/2025/03/a057078f3a0eab7aca079e5d64bf4575.jpeg
104872773,https://image.mustit.co.kr/lib/upload/product/gusdnsmla/2025/03/90b7ef6a48d8a9cb13f19a84b3aa3a2b.jpeg,106763733,106763733,https://image.mustit.co.kr/lib/upload/product/gusdnsmla/2025/03/90b7ef6a48d8a9cb13f19a84b3aa3a2b.jpeg
104872768,https://image.mustit.co.kr/lib/upload/product/sdvivaldi/2025/03/1b0162ad8cc39a2906f5c3ddd4e008b3.jpeg,106763732,106763732,https://image.mustit.co.kr/lib/upload/product/sdvivaldi/2025/03/1b0162ad8cc39a2906f5c3ddd4e008b3.jpeg
104872768,https://image.mustit.co.kr/lib/upload/product/sdvivaldi/2025/03/a30826ac8a445c73320106e36657d963.jpeg,106763722,106763722,https://image.mustit.co.kr/lib/upload/product/sdvivaldi/2025/03/a30826ac8a445c73320106e36657d963.jpeg
104872768,https://image.mustit.co.kr/lib/upload/product/gusdnsmla/2025/03/247f3e6f8cd4e07ccc23b04d06494ae2.jpeg,106763729,106763729,https://image.mustit.co.kr/lib/upload/product/gusdnsmla/2025/03/247f3e6f8cd4e07ccc23b04d06494ae2.jpeg
104872765,https://image.mustit.co.kr/lib/upload/product/sdvivaldi/2025/03/cb449fb3c0f2a4ccd8a5da2d7b3aea94.jpeg,106763724,106763724,https://image.mustit.co.kr/lib/upload/product/sdvivaldi/2025/03/cb449fb3c0f2a4ccd8a5da2d7b3aea94.jpeg
104872765,https://image.mustit.co.kr/lib/upload/product/gusdnsmla/2025/03/64a19a672901dc650e1d98f2abb9262f.jpeg,106763728,106763728,https://image.mustit.co.kr/lib/upload/product/gusdnsmla/2025/03/64a19a672901dc650e1d98f2abb9262f.jpeg
104872765,https://image.mustit.co.kr/lib/upload/product/sdvivaldi/2025/03/6a3211332cb2ecf772a8731a874dbc8e.jpeg,106763727,106763727,https://image.mustit.co.kr/lib/upload/product/sdvivaldi/2025/03/6a3211332cb2ecf772a8731a874dbc8e.jpeg
104872765,https://image.mustit.co.kr/lib/upload/product/gusdnsmla/2025/03/9991f67a484c4c16f21c66827ae6622b.jpeg,106763726,106763726,https://image.mustit.co.kr/lib/upload/product/gusdnsmla/2025/03/9991f67a484c4c16f21c66827ae6622b.jpeg
104872761,https://image.mustit.co.kr/lib/upload/product/gusdnsmla/2025/03/66bbb4f0c9731cd64ad2bb8712483803.jpeg,106763725,106763725,https://image.mustit.co.kr/lib/upload/product/gusdnsmla/2025/03/66bbb4f0c9731cd64ad2bb8712483803.jpeg
104872761,https://image.mustit.co.kr/lib/upload/product/gusdnsmla/2025/03/2bfe8b6157d9210c77c0c4235e61f82a.jpeg,106763723,106763723,https://image.mustit.co.kr/lib/upload/product/gusdnsmla/2025/03/2bfe8b6157d9210c77c0c4235e61f82a.jpeg
104872761,https://image.mustit.co.kr/lib/upload/product/sdvivaldi/2025/03/a830b2afaf4dac4b89f28cf8c3131476.jpeg,106763716,106763716,https://image.mustit.co.kr/lib/upload/product/sdvivaldi/2025/03/a830b2afaf4dac4b89f28cf8c3131476.jpeg
104872761,https://image.mustit.co.kr/lib/upload/product/anger350/2025/03/d9f612b813e4ce9027ab832ea78699c6.jpeg,106763717,106763717,https://image.mustit.co.kr/lib/upload/product/anger350/2025/03/d9f612b813e4ce9027ab832ea78699c6.jpeg
104872761,https://image.mustit.co.kr/lib/upload/product/sdvivaldi/2025/03/57ca37e5d0edd8ec1cf01af7b27dc7e4.jpeg,106763720,106763720,https://image.mustit.co.kr/lib/upload/product/sdvivaldi/2025/03/57ca37e5d0edd8ec1cf01af7b27dc7e4.jpeg
104872756,https://image.mustit.co.kr/lib/upload/product/gusdnsmla/2025/03/b397184fc5a9cb9bcc7b7aac6e4da737.jpeg,106763719,106763719,https://image.mustit.co.kr/lib/upload/product/gusdnsmla/2025/03/b397184fc5a9cb9bcc7b7aac6e4da737.jpeg
104872756,https://image.mustit.co.kr/lib/upload/product/gusdnsmla/2025/03/915211048ab4fd8b06c545b30a3e0907.jpeg,106763718,106763718,https://image.mustit.co.kr/lib/upload/product/gusdnsmla/2025/03/915211048ab4fd8b06c545b30a3e0907.jpeg
104872756,https://image.mustit.co.kr/lib/upload/product/sdvivaldi/2025/03/a39a20edc2ef7dbb6e9ac0742df65251.jpeg,106763715,106763715,https://image.mustit.co.kr/lib/upload/product/sdvivaldi/2025/03/a39a20edc2ef7dbb6e9ac0742df65251.jpeg
104872756,https://image.mustit.co.kr/lib/upload/product/gusdnsmla/2025/03/07188b8667a31450fe973b3a8304d4a7.jpeg,106763714,106763714,https://image.mustit.co.kr/lib/upload/product/gusdnsmla/2025/03/07188b8667a31450fe973b3a8304d4a7.jpeg
104872756,https://image.mustit.co.kr/lib/upload/product/gusdnsmla/2025/03/e9d27ae8f5cc709b5116eee3c596a8e3.jpeg,106763711,106763711,https://image.mustit.co.kr/lib/upload/product/gusdnsmla/2025/03/e9d27ae8f5cc709b5116eee3c596a8e3.jpeg
104872751,https://image.mustit.co.kr/lib/upload/product/gusdnsmla/2025/03/cd6fbf830f1f29fd2a3ac5783f525ec9.jpeg,106763710,106763710,https://image.mustit.co.kr/lib/upload/product/gusdnsmla/2025/03/cd6fbf830f1f29fd2a3ac5783f525ec9.jpeg
104872751,https://image.mustit.co.kr/lib/upload/product/sdvivaldi/2025/03/42b9150120d393fc2f475991a797ae8d.jpeg,106763707,106763707,https://image.mustit.co.kr/lib/upload/product/sdvivaldi/2025/03/42b9150120d393fc2f475991a797ae8d.jpeg
104872751,https://image.mustit.co.kr/lib/upload/product/gusdnsmla/2025/03/8fcadb4f24f59b5800c2ebd74ee8bd9c.jpeg,106763708,106763708,https://image.mustit.co.kr/lib/upload/product/gusdnsmla/2025/03/8fcadb4f24f59b5800c2ebd74ee8bd9c.jpeg
104872751,https://image.mustit.co.kr/lib/upload/product/gusdnsmla/2025/03/5ecd6a74e82107d75e07cdbd71281268.jpeg,106763703,106763703,https://image.mustit.co.kr/lib/upload/product/gusdnsmla/2025/03/5ecd6a74e82107d75e07cdbd71281268.jpeg
104872751,https://image.mustit.co.kr/lib/upload/product/rhiagb2/2025/03/0a9c45560ab59454b45d44531c2b4748.jpeg,106763702,106763702,https://image.mustit.co.kr/lib/upload/product/rhiagb2/2025/03/0a9c45560ab59454b45d44531c2b4748.jpeg
104872751,https://image.mustit.co.kr/lib/upload/product/sdvivaldi/2025/03/4520d785f6ecdf8998a051713fc6b075.jpeg,106763700,106763700,https://image.mustit.co.kr/lib/upload/product/sdvivaldi/2025/03/4520d785f6ecdf8998a051713fc6b075.jpeg
104872745,https://image.mustit.co.kr/lib/upload/product/anger350/2025/03/fb8e52613d90f29ae638728112447397.jpeg,106763699,106763699,https://image.mustit.co.kr/lib/upload/product/anger350/2025/03/fb8e52613d90f29ae638728112447397.jpeg
104872745,https://image.mustit.co.kr/lib/upload/product/sdvivaldi/2025/03/6a37c59076859b478795a37617f1a1cf.jpeg,106763701,106763701,https://image.mustit.co.kr/lib/upload/product/sdvivaldi/2025/03/6a37c59076859b478795a37617f1a1cf.jpeg
104872743,https://image.mustit.co.kr/lib/upload/product/sdvivaldi/2025/03/c15455212f1889639e2c6a1c77c4a5ec.jpeg,106763696,106763696,https://image.mustit.co.kr/lib/upload/product/sdvivaldi/2025/03/c15455212f1889639e2c6a1c77c4a5ec.jpeg
104872743,https://image.mustit.co.kr/lib/upload/product/gusdnsmla/2025/03/cfbcc1dae3b700c499edc199c33ac077.jpeg,106763698,106763698,https://image.mustit.co.kr/lib/upload/product/gusdnsmla/2025/03/cfbcc1dae3b700c499edc199c33ac077.jpeg
104872741,https://image.mustit.co.kr/lib/upload/product/gusdnsmla/2025/03/f0e0689a9dd57203c6e65673928cb935.jpeg,106763697,106763697,https://image.mustit.co.kr/lib/upload/product/gusdnsmla/2025/03/f0e0689a9dd57203c6e65673928cb935.jpeg
104872741,https://image.mustit.co.kr/lib/upload/product/gusdnsmla/2025/03/b5cf681794b29caaaaa655ee5be36ace.jpeg,106763695,106763695,https://image.mustit.co.kr/lib/upload/product/gusdnsmla/2025/03/b5cf681794b29caaaaa655ee5be36ace.jpeg
104872739,https://image.mustit.co.kr/lib/upload/product/sdvivaldi/2025/03/1b26a4106e6cbb5f53ac6cf693e42837.jpeg,106763690,106763690,https://image.mustit.co.kr/lib/upload/product/sdvivaldi/2025/03/1b26a4106e6cbb5f53ac6cf693e42837.jpeg
104872739,https://image.mustit.co.kr/lib/upload/product/sdvivaldi/2025/03/378a0debb9fa60858345c66fb7737c49.jpeg,106763694,106763694,https://image.mustit.co.kr/lib/upload/product/sdvivaldi/2025/03/378a0debb9fa60858345c66fb7737c49.jpeg
104872737,https://image.mustit.co.kr/lib/upload/product/sdvivaldi/2025/03/56b8ee60d44c574d704e43293eaf76d7.jpeg,106763692,106763692,https://image.mustit.co.kr/lib/upload/product/sdvivaldi/2025/03/56b8ee60d44c574d704e43293eaf76d7.jpeg
104872737,https://image.mustit.co.kr/lib/upload/product/gusdnsmla/2025/03/d6452c0c0562e7a42cb91cc9aa0a65a7.jpeg,106763693,106763693,https://image.mustit.co.kr/lib/upload/product/gusdnsmla/2025/03/d6452c0c0562e7a42cb91cc9aa0a65a7.jpeg
104872735,https://image.mustit.co.kr/lib/upload/product/gusdnsmla/2025/03/169a251726a8e3ca26e7acfb9f4eff05.jpeg,106763691,106763691,https://image.mustit.co.kr/lib/upload/product/gusdnsmla/2025/03/169a251726a8e3ca26e7acfb9f4eff05.jpeg
104872735,https://image.mustit.co.kr/lib/upload/product/sdvivaldi/2025/03/475f177e384bc3a546ddd4d26a1c19e9.jpeg,106763688,106763688,https://image.mustit.co.kr/lib/upload/product/sdvivaldi/2025/03/475f177e384bc3a546ddd4d26a1c19e9.jpeg
104872733,https://image.mustit.co.kr/lib/upload/product/sdvivaldi/2025/03/4eaf1925a51c0a3f58d11ec784b8ed09.jpeg,106763689,106763689,https://image.mustit.co.kr/lib/upload/product/sdvivaldi/2025/03/4eaf1925a51c0a3f58d11ec784b8ed09.jpeg
104872733,https://image.mustit.co.kr/lib/upload/product/gusdnsmla/2025/03/082fe0ee402799f26dabb9f7260152ff.jpeg,106763687,106763687,https://image.mustit.co.kr/lib/upload/product/gusdnsmla/2025/03/082fe0ee402799f26dabb9f7260152ff.jpeg
104872731,https://image.mustit.co.kr/lib/upload/product/gusdnsmla/2025/03/aa170e2e699ef55feb75f859f4357720.jpeg,106763686,106763686,https://image.mustit.co.kr/lib/upload/product/gusdnsmla/2025/03/aa170e2e699ef55feb75f859f4357720.jpeg
104872731,https://image.mustit.co.kr/lib/upload/product/sdvivaldi/2025/03/4c1fe5a4d705ba0831300fdd34744438.jpeg,106763680,106763680,https://image.mustit.co.kr/lib/upload/product/sdvivaldi/2025/03/4c1fe5a4d705ba0831300fdd34744438.jpeg
104872729,https://image.mustit.co.kr/lib/upload/product/sdvivaldi/2025/03/f45958c95c081876d69733c81684589b.jpeg,106763684,106763684,https://image.mustit.co.kr/lib/upload/product/sdvivaldi/2025/03/f45958c95c081876d69733c81684589b.jpeg
104872729,https://image.mustit.co.kr/lib/upload/product/sdvivaldi/2025/03/a831676a9d515c86c4d625ff9a849b9a.jpeg,106763685,106763685,https://image.mustit.co.kr/lib/upload/product/sdvivaldi/2025/03/a831676a9d515c86c4d625ff9a849b9a.jpeg
104872727,https://image.mustit.co.kr/lib/upload/product/gusdnsmla/2025/03/8aa6a1b7237376acb226f7e6acf1112a.jpeg,106763683,106763683,https://image.mustit.co.kr/lib/upload/product/gusdnsmla/2025/03/8aa6a1b7237376acb226f7e6acf1112a.jpeg
104872727,https://image.mustit.co.kr/lib/upload/product/gusdnsmla/2025/03/8873986037a71855139e9ec015d10ea1.jpeg,106763682,106763682,https://image.mustit.co.kr/lib/upload/product/gusdnsmla/2025/03/8873986037a71855139e9ec015d10ea1.jpeg
104872724,https://image.mustit.co.kr/lib/upload/product/gusdnsmla/2025/03/2f3b2e33e4831f9903a0d24cb873aebc.jpeg,106763681,106763681,https://image.mustit.co.kr/lib/upload/product/gusdnsmla/2025/03/2f3b2e33e4831f9903a0d24cb873aebc.jpeg
104872724,https://image.mustit.co.kr/lib/upload/product/gusdnsmla/2025/03/747bc5ebe5885fbf69c4cb09ebca8e92.jpeg,106763679,106763679,https://image.mustit.co.kr/lib/upload/product/gusdnsmla/2025/03/747bc5ebe5885fbf69c4cb09ebca8e92.jpeg
104872724,https://image.mustit.co.kr/lib/upload/product/sdvivaldi/2025/03/ee4fcb06811a37e5192b1632363143d7.jpeg,106763674,106763674,https://image.mustit.co.kr/lib/upload/product/sdvivaldi/2025/03/ee4fcb06811a37e5192b1632363143d7.jpeg
104872722,https://image.mustit.co.kr/lib/upload/product/sdvivaldi/2025/03/2a6f0a1371d0dfb1e320c2f44ea9538a.jpeg,106763677,106763677,https://image.mustit.co.kr/lib/upload/product/sdvivaldi/2025/03/2a6f0a1371d0dfb1e320c2f44ea9538a.jpeg
104872722,https://image.mustit.co.kr/lib/upload/product/gusdnsmla/2025/03/6026b8c98a9c9a54cf8d6b611fda7c92.jpeg,106763678,106763678,https://image.mustit.co.kr/lib/upload/product/gusdnsmla/2025/03/6026b8c98a9c9a54cf8d6b611fda7c92.jpeg
104872722,https://image.mustit.co.kr/lib/upload/product/gusdnsmla/2025/03/3a6632ca97b48ff6e16173879c49be1e.jpeg,106763676,106763676,https://image.mustit.co.kr/lib/upload/product/gusdnsmla/2025/03/3a6632ca97b48ff6e16173879c49be1e.jpeg
104872719,https://image.mustit.co.kr/lib/upload/product/gusdnsmla/2025/03/57d1bc3502069d2c207a74a9ad33e15c.jpeg,106763675,106763675,https://image.mustit.co.kr/lib/upload/product/gusdnsmla/2025/03/57d1bc3502069d2c207a74a9ad33e15c.jpeg
104872719,https://image.mustit.co.kr/lib/upload/product/sdvivaldi/2025/03/a8d1ac56b6eb7456f2cf4eadf476d9f8.jpeg,106763672,106763672,https://image.mustit.co.kr/lib/upload/product/sdvivaldi/2025/03/a8d1ac56b6eb7456f2cf4eadf476d9f8.jpeg
104872717,https://image.mustit.co.kr/lib/upload/product/sdvivaldi/2025/03/becfa0b82c4b68902a8e4542892d87d0.jpeg,106763670,106763670,https://image.mustit.co.kr/lib/upload/product/sdvivaldi/2025/03/becfa0b82c4b68902a8e4542892d87d0.jpeg
104872717,https://image.mustit.co.kr/lib/upload/product/onthepick708/2025/03/f29d93fdd4bfcca6b9d86abfc61e8000.jpeg,106763673,106763673,https://image.mustit.co.kr/lib/upload/product/onthepick708/2025/03/f29d93fdd4bfcca6b9d86abfc61e8000.jpeg
104872715,https://image.mustit.co.kr/lib/upload/product/gusdnsmla/2025/03/7df036e7e26aedaf9f28a78c5e9538fd.jpeg,106763671,106763671,https://image.mustit.co.kr/lib/upload/product/gusdnsmla/2025/03/7df036e7e26aedaf9f28a78c5e9538fd.jpeg
104872715,https://image.mustit.co.kr/lib/upload/product/gusdnsmla/2025/03/72041b8e2537f968ea5db0320e7d7e7e.jpeg,106763669,106763669,https://image.mustit.co.kr/lib/upload/product/gusdnsmla/2025/03/72041b8e2537f968ea5db0320e7d7e7e.jpeg
104872713,https://image.mustit.co.kr/lib/upload/product/sdvivaldi/2025/03/062f02668557dec788229e6cd390ad19.jpeg,106763664,106763664,https://image.mustit.co.kr/lib/upload/product/sdvivaldi/2025/03/062f02668557dec788229e6cd390ad19.jpeg
104872713,https://image.mustit.co.kr/lib/upload/product/sdvivaldi/2025/03/bf37056d9238caeaa1ccfaf76d15880f.jpeg,106763665,106763665,https://image.mustit.co.kr/lib/upload/product/sdvivaldi/2025/03/bf37056d9238caeaa1ccfaf76d15880f.jpeg
104872713,https://image.mustit.co.kr/lib/upload/product/sdvivaldi/2025/03/fabca3572ccd9d6c286dae2501378728.jpeg,106763668,106763668,https://image.mustit.co.kr/lib/upload/product/sdvivaldi/2025/03/fabca3572ccd9d6c286dae2501378728.jpeg
104872710,https://image.mustit.co.kr/lib/upload/product/gusdnsmla/2025/03/03ab424542435f67e6cd5b3eca15d216.jpeg,106763667,106763667,https://image.mustit.co.kr/lib/upload/product/gusdnsmla/2025/03/03ab424542435f67e6cd5b3eca15d216.jpeg
104872710,https://image.mustit.co.kr/lib/upload/product/gusdnsmla/2025/03/b0db53c85b51efe82142d3a0eca1443a.jpeg,106763666,106763666,https://image.mustit.co.kr/lib/upload/product/gusdnsmla/2025/03/b0db53c85b51efe82142d3a0eca1443a.jpeg
104872710,https://image.mustit.co.kr/lib/upload/product/sdvivaldi/2025/03/3a064d8da17205aea37ea949c68d347e.jpeg,106763659,106763659,https://image.mustit.co.kr/lib/upload/product/sdvivaldi/2025/03/3a064d8da17205aea37ea949c68d347e.jpeg
104872707,https://image.mustit.co.kr/lib/upload/product/sdvivaldi/2025/03/341f80c808d7c4679dd14c685e23eb83.jpeg,106763662,106763662,https://image.mustit.co.kr/lib/upload/product/sdvivaldi/2025/03/341f80c808d7c4679dd14c685e23eb83.jpeg
104872707,https://image.mustit.co.kr/lib/upload/product/gusdnsmla/2025/03/bcba16692bb8b53b0163a572386b4cfd.jpeg,106763663,106763663,https://image.mustit.co.kr/lib/upload/product/gusdnsmla/2025/03/bcba16692bb8b53b0163a572386b4cfd.jpeg
104872705,https://image.mustit.co.kr/lib/upload/product/gusdnsmla/2025/03/fe25823e66bc075f8fabe0d476afa7c0.jpeg,106763661,106763661,https://image.mustit.co.kr/lib/upload/product/gusdnsmla/2025/03/fe25823e66bc075f8fabe0d476afa7c0.jpeg
104872705,https://image.mustit.co.kr/lib/upload/product/gusdnsmla/2025/03/8ae0e308e5d210c04458cbd4d21d4905.jpeg,106763660,106763660,https://image.mustit.co.kr/lib/upload/product/gusdnsmla/2025/03/8ae0e308e5d210c04458cbd4d21d4905.jpeg